Nom/Enseigne;Code Client;Code Fournisseur;Client;Fournisseur;Adresse;Code Postal;Ville;Pays;Téléphone;Email;SIREN
Alpha Tech Services;CU2610-0001;;1;0;12 Rue de la République;76000;Rouen;France;0235001122;contact@alphatech.fr;123456789
Beta Logistique SARL;CU2610-0002;FO2610-0001;1;1;45 Avenue du Grand Mare;76100;Rouen;France;0235334455;fournisseur@betalog.fr;987654321
Atelier Mecanique du Caux;;FO2610-0002;0;1;8 Route Nationale;76120;Le Grand-Quevilly;France;0235667788;commercial@ateliermeca.fr;456789123
Normandie Data Consulting;CU2610-0003;;1;0;102 Boulevard de Europe;76100;Rouen;France;0235990011;info@normandiedata.fr;321654987
Pharmacie du Centre;CU2610-0004;;1;0;3 Place de l Hotel de Ville;76000;Rouen;France;0232112233;contact@pharmacie-centre.fr;654987321
Seine Maritime Imprimerie;;FO2610-0003;0;1;14 Rue des Cannettes;76000;Rouen;France;0235881122;devis@sm-imprimerie.fr;789123456
Eco Batiment Normandie;CU2610-0005;FO2610-0004;1;1;27 Avenue Saint-Julien;76140;Petit-Quevilly;France;0235773344;contact@ecobat-normandie.fr;852963741
Réseaux & Telecom Solutions;CU2610-0006;;1;0;1 Place Colbert;76130;Mont-Saint-Aignan;France;0235112244;support@rt-solutions.fr;963852741
Boulangerie Artisanale Jeanne;CU2610-0007;;1;0;88 Rue Jeanne d Arc;76000;Rouen;France;0235445566;contact@boulangerie-jeanne.fr;147258369
Transport & Logistique du Port;;FO2610-0005;0;1;5 Quai de la Seine;76600;Le Havre;France;0235223344;dispatch@tl-port.fr;369258147
Cabinet Juridique Martainville;CU2610-0008;;1;0;15 Rue Martainville;76000;Rouen;France;0235661122;accueil@juridique-martainville.fr;258147369
Nettoyage Industriel 76;;FO2610-0006;0;1;30 Rue des Docks;76000;Rouen;France;0235994455;contact@ni76.fr;741852963
Rouen Securite Gardiennage;CU2610-0009;FO2610-0007;1;1;8 Allée des Vergers;76230;Bois-Guillaume;France;0235338899;contact@rouen-securite.fr;159357246
Savoie Traiteur Evénementiel;CU2610-0010;;1;0;12 Rue Gros Horloge;76000;Rouen;France;0235119900;commercial@savoie-traiteur.fr;357159246
Outillage & Matériel Pro;;FO2610-0008;0;1;45 Rue de la Gare;76300;Sotteville-lès-Rouen;France;0235778811;vente@outillage-pro.fr;951753852
Garage de l Agglo;CU2610-0011;;1;0;60 Route de Dieppe;76250;Déville-lès-Rouen;France;0235441133;atelier@garage-agglo.fr;753951852
Agence Webdesign Normandie;CU2610-0012;;1;0;22 Rue Cauchoise;76000;Rouen;France;0235226688;hello@webdesign-normandie.fr;456123789
Comptabilité & Gestion 76;CU2610-0013;FO2610-0009;1;1;5 Boulevard de Marne;76000;Rouen;France;0235884411;contact@cg76.fr;321987654
Fournitures de Bureau Express;;FO2610-0010;0;1;18 Rue des Carmes;76000;Rouen;France;0235663322;commandes@fbe-express.fr;654321987
Hôtel de la Cathédrale;CU2610-0014;;1;0;9 Rue Saint-Romain;76000;Rouen;France;0235115577;reservation@hotel-cathedrale.fr;987123654
